{
    "M01": {
        "state": "critical",
        "degradation": 1.2563155920940086,
        "base_vib": 0.24084508013244044,
        "base_temp": 62.341337578525746,
        "op_hours": 1487.1402777777757,
        "maint_timer": 207.69830003104454
    },
    "M02": {
        "state": "degrading",
        "degradation": 0.513793857704478,
        "base_vib": 0.33660799455768187,
        "base_temp": 57.94992699854279,
        "op_hours": 666.1402777777757,
        "maint_timer": 50.18778085034872
    },
    "M03": {
        "state": "critical",
        "degradation": 1.2153877297312718,
        "base_vib": 0.27727030025221133,
        "base_temp": 62.89940829572295,
        "op_hours": 32.14027777777789,
        "maint_timer": 189.71428006915684
    },
    "M04": {
        "state": "healthy",
        "degradation": 0.07949581470459006,
        "base_vib": 0.3638312976925945,
        "base_temp": 64.18597839342783,
        "op_hours": 198.1402777777786,
        "maint_timer": 317.55932103826586
    },
    "M05": {
        "state": "healthy",
        "degradation": 0.053749820652163334,
        "base_vib": 0.38832772852614916,
        "base_temp": 64.8604561779253,
        "op_hours": 187.1402777777786,
        "maint_timer": 344.57410618048493
    }
}