{
    "M01": {
        "state": "critical",
        "degradation": 1.2563155920940086,
        "base_vib": 0.24084508013244044,
        "base_temp": 62.341337578525746,
        "op_hours": 1487.1222222222204,
        "maint_timer": 207.68024447548888
    },
    "M02": {
        "state": "degrading",
        "degradation": 0.48433963227025145,
        "base_vib": 0.33660799455768187,
        "base_temp": 57.94992699854279,
        "op_hours": 666.1222222222204,
        "maint_timer": 50.16972529479315
    },
    "M03": {
        "state": "critical",
        "degradation": 0.9884897686608206,
        "base_vib": 0.27727030025221133,
        "base_temp": 62.89940829572295,
        "op_hours": 32.12222222222232,
        "maint_timer": 189.69622451360118
    },
    "M04": {
        "state": "healthy",
        "degradation": 0.07594998835919849,
        "base_vib": 0.3638312976925945,
        "base_temp": 64.18597839342783,
        "op_hours": 198.12222222222294,
        "maint_timer": 317.54126548271057
    },
    "M05": {
        "state": "healthy",
        "degradation": 0.04964230170210238,
        "base_vib": 0.38832772852614916,
        "base_temp": 64.8604561779253,
        "op_hours": 187.12222222222294,
        "maint_timer": 344.55605062492964
    }
}