{
    "M01": {
        "state": "critical",
        "degradation": 1.2688792494826933,
        "base_vib": 0.3773583446157428,
        "base_temp": 60.43720256048846,
        "op_hours": 1352.3819444442934,
        "maint_timer": 92.8240022911832
    },
    "M02": {
        "state": "critical",
        "degradation": 1.2680305216583125,
        "base_vib": 0.36958686574694327,
        "base_temp": 63.27310730040673,
        "op_hours": 510.38194444429337,
        "maint_timer": 29.213099109586217
    },
    "M03": {
        "state": "critical",
        "degradation": 1.263860136269026,
        "base_vib": 0.32486446094767707,
        "base_temp": 60.807041054791256,
        "op_hours": 200.38194444450582,
        "maint_timer": 310.8023583257125
    },
    "M04": {
        "state": "critical",
        "degradation": 1.2607992713632776,
        "base_vib": 0.25288087961504735,
        "base_temp": 60.85527849472533,
        "op_hours": 199.38194444450582,
        "maint_timer": 112.67479610567416
    },
    "M05": {
        "state": "critical",
        "degradation": 1.2721522424890204,
        "base_vib": 0.29028914189586263,
        "base_temp": 62.123432064796766,
        "op_hours": 80.3819444443996,
        "maint_timer": 76.42806898839173
    },
    "M06": {
        "state": "healthy",
        "degradation": 0.38882375589529833,
        "base_vib": 0.3795057475686302,
        "base_temp": 61.10964044108729,
        "op_hours": 13.622222222221438,
        "maint_timer": 1.622222222222217
    },
    "M07": {
        "state": "healthy",
        "degradation": 0.3609147927680305,
        "base_vib": 0.30338092187926163,
        "base_temp": 59.976593084673716,
        "op_hours": 51.469444444445614,
        "maint_timer": 1.4694444444444397
    }
}