{
    "M01": {
        "state": "critical",
        "degradation": 1.2688792494826933,
        "base_vib": 0.3773583446157428,
        "base_temp": 60.43720256048846,
        "op_hours": 1350.4444444443216,
        "maint_timer": 90.88650229119158
    },
    "M02": {
        "state": "critical",
        "degradation": 1.2680305216583125,
        "base_vib": 0.36958686574694327,
        "base_temp": 63.27310730040673,
        "op_hours": 508.44444444432156,
        "maint_timer": 27.275599109584675
    },
    "M03": {
        "state": "critical",
        "degradation": 1.263860136269026,
        "base_vib": 0.32486446094767707,
        "base_temp": 60.807041054791256,
        "op_hours": 198.44444444449437,
        "maint_timer": 308.86485832574067
    },
    "M04": {
        "state": "critical",
        "degradation": 1.2607992713632776,
        "base_vib": 0.25288087961504735,
        "base_temp": 60.85527849472533,
        "op_hours": 197.44444444449437,
        "maint_timer": 110.73729610568253
    },
    "M05": {
        "state": "critical",
        "degradation": 1.2721522424890204,
        "base_vib": 0.29028914189586263,
        "base_temp": 62.123432064796766,
        "op_hours": 78.44444444440796,
        "maint_timer": 74.4905689884001
    }
}