{
    "M01": {
        "state": "critical",
        "degradation": 1.2688792494826933,
        "base_vib": 0.3773583446157428,
        "base_temp": 60.43720256048846,
        "op_hours": 1353.2999999998356,
        "maint_timer": 93.7420578467348
    },
    "M02": {
        "state": "critical",
        "degradation": 1.2680305216583125,
        "base_vib": 0.36958686574694327,
        "base_temp": 63.27310730040673,
        "op_hours": 511.29999999983556,
        "maint_timer": 30.131154665142503
    },
    "M03": {
        "state": "critical",
        "degradation": 1.263860136269026,
        "base_vib": 0.32486446094767707,
        "base_temp": 60.807041054791256,
        "op_hours": 201.3000000000668,
        "maint_timer": 311.7204138812547
    },
    "M05": {
        "state": "critical",
        "degradation": 1.2721522424890204,
        "base_vib": 0.29028914189586263,
        "base_temp": 62.123432064796766,
        "op_hours": 81.29999999995118,
        "maint_timer": 77.34612454394332
    },
    "M06": {
        "state": "healthy",
        "degradation": 0.5856796897274622,
        "base_vib": 0.3795057475686302,
        "base_temp": 61.10964044108729,
        "op_hours": 14.54027777777655,
        "maint_timer": 2.5402777777778556
    },
    "M07": {
        "state": "critical",
        "degradation": 1.256784623790225,
        "base_vib": 0.30338092187926163,
        "base_temp": 59.976593084673716,
        "op_hours": 52.3875000000019,
        "maint_timer": 2.387500000000054
    }
}